{"Plano Piloto": [-15.791126, -47.891022], "Taguatinga": [-15.8335277, -48.0565716], "Ceil\u00e2ndia": [-15.8173391, -48.1045766], "Gama": [-16.0170857, -48.0653054], "Sobradinho": [-15.6500533, -47.7848449], "Planaltina": [-15.6181947, -47.6555703], "Parano\u00e1": [-15.77544, -47.7797631], "N\u00facleo Bandeirante": [-15.8711851, -47.9679941], "Guar\u00e1": [-15.8235629, -47.9768165], "Cruzeiro": [-15.7907819, -47.9374426], "Samambaia": [-15.8769989, -48.0881004], "Santa Maria": [-16.0171229, -48.0131328], "S\u00e3o Sebasti\u00e3o": [-15.9033774, -47.7717736], "Recanto das Emas": [-15.9025481, -48.0607778], "Lago Norte": [-15.7342351, -47.8641578], "Lago Sul": [-15.8391817, -47.8755338], "Riacho Fundo": [-15.883305, -48.0174762], "Candangol\u00e2ndia": [-15.8536609, -47.9493775], "\u00c1guas Claras": [-15.8419933, -48.0281208], "Riacho Fundo II": [-15.9071139, -48.048811], "Sudoeste/Octogonal": [-15.8002187, -47.9243896], "Varj\u00e3o": [-15.710824, -47.8763338], "Park Way": [-15.9027386, -47.963322], "SCIA/Estrutural": [-15.782079549999999, -47.99686846837068], "Vicente Pires": [-15.8135709, -48.0156045], "Fercal": [-15.6002334, -47.8715955]}